,Jan,Feb,Mar,Apr,May,Jun,Jul,Aug,Sep,Oct,Nov,Dec
Diclofenac,-30.035423611111096,-16.608923611111127,-0.4553402777777813,6.41274305555558,2.9389722222222168,-9.209569444444467,11.179159722222222,16.996326388888892,-2.7394236111111296,12.687826388888903,8.235326388888906,0.598326388888882
Ibuprofen,-2.717825694444443,7.146207638888899,8.456207638888877,-8.16407569444445,-4.447011111111109,-8.343448611111118,0.509724305555573,-3.197859027777793,-0.04533402777776763,13.603115972222229,-6.588009027777803,3.788307638888903
Aspirin,-11.744268750000003,3.5958979166666665,5.628231249999999,-3.1488520833333387,-1.5356395833333452,2.8289854166666797,-8.028518750000002,-5.545185416666672,-12.19264375,18.809897916666674,10.329897916666681,1.0021979166666597
Paracetamol,132.67546944444462,61.017352777777916,26.19436944444453,-126.7630555555556,-182.72533472222207,-279.7066680555557,-316.11614722222237,-242.8247305555557,29.798877777777644,545.153302777778,57.99586944444436,295.3006944444444
Anxiolytics,-19.40791666666666,-35.63125,-0.2795833333333535,-10.63625000000001,-33.763333333333314,-13.067499999999987,-10.549583333333347,22.753750000000007,19.488750000000003,34.85708333333335,11.778750000000011,34.457083333333316
Hypnotics,-0.4085069444444434,-4.77517361111111,2.433159722222221,-1.5918402777777778,0.5477430555555559,-1.0043402777777772,-3.4251736111111106,0.7581597222222228,-1.0751736111111128,1.0998263888888893,3.4414930555555543,3.999826388888887
Salbutamol,11.683854166666658,28.883854166666648,40.40052083333334,20.62552083333334,-32.03177083333333,-28.156770833333336,-77.98281249999998,-81.73281249999998,-36.0078125,64.43385416666668,16.89218749999999,72.9921875
Antihistamines,-51.58491319444445,-41.1345798611111,10.781420138888883,64.10233680555555,80.18737847222222,45.41133680555554,19.39175347222222,-4.134246527777773,-14.892579861111097,-20.231746527777766,-41.18757986111111,-46.708579861111104
